company,reviews_count,positive_reviews,avg_rating,avg_transformer_signed,avg_satisfaction,wilson_lower,reviews_count_scaled,avg_satisfaction_scaled,composite_scaled,composite_wilson
acer,205,173,4.326829268292683,0.2338896129189468,0.6169448064594734,0.787945923852421,0.20731707317073167,0.0,0.06219512195121951,0.23638377715572634
asus,187,169,4.497326203208556,0.312477787548208,0.6562388937741039,0.8529877832083336,0.09756097560975618,0.20518482367300095,0.1728976692540275,0.3995257115336007
dell,335,302,4.540298507462687,0.5172224085722397,0.7586112042861198,0.8648855596513595,1.0000000000000002,0.7397498413871211,0.8178248889709849,0.7772905568663926
lenovo,171,162,4.719298245614035,0.6169012471249229,0.8084506235624614,0.9030110655723081,0.0,1.0,0.7,0.9709033196716925
